id,dni,nombre,apellidos,email,ciudad,pais,fecha_registro
1,45123678,Maria Fernanda,Quispe Mamani,maria.quispe@gmail.com,Lima,Peru,2023-02-14
2,44892371,Jose Antonio,Huaman Rojas,jose.huaman@hotmail.com,Lima,Peru,2023-03-02
3,46201984,Rosa Elena,Vargas Castillo,rosa.vargas@gmail.com,Lima,Peru,2023-03-19
4,43765420,Carlos Alberto,Flores Medina,carlos.flores@outlook.com,Arequipa,Peru,2023-04-05
5,47582910,Ana Lucia,Torres Salazar,ana.torres@gmail.com,Arequipa,Peru,2023-04-22
6,42019873,Luis Fernando,Ramos Chavez,luis.ramos@yahoo.com,Cusco,Peru,2023-05-08
7,48123456,Diana Carolina,Paredes Rios,diana.paredes@gmail.com,Cusco,Peru,2023-05-27
8,41287650,Jorge Luis,Mendoza Aguilar,jorge.mendoza@hotmail.com,Trujillo,Peru,2023-06-11
9,49038217,Patricia Isabel,Soto Bravo,patricia.soto@gmail.com,Trujillo,Peru,2023-06-30
10,40567123,Miguel Angel,Cordova Silva,miguel.cordova@outlook.com,Piura,Peru,2023-07-16
11,45789012,Carmen Rosa,Zapata Leon,carmen.zapata@gmail.com,Piura,Peru,2023-08-01
12,46912345,Ricardo Manuel,Diaz Guerrero,ricardo.diaz@hotmail.com,Chiclayo,Peru,2023-08-19
13,43678901,Sofia Alejandra,Reyes Nunez,sofia.reyes@gmail.com,Chiclayo,Peru,2023-09-03
14,47234568,Fernando Jose,Morales Campos,fernando.morales@gmail.com,Iquitos,Peru,2023-09-21
15,42890156,Gabriela Beatriz,Navarro Ponce,gabriela.navarro@yahoo.com,Iquitos,Peru,2023-10-06
16,48345670,Andres Felipe,Salazar Vega,andres.salazar@hotmail.com,Huancayo,Peru,2023-10-24
17,41456789,Valeria Nicole,Cruz Espinoza,valeria.cruz@gmail.com,Huancayo,Peru,2023-11-09
18,49567812,Martin Alonso,Gutierrez Palacios,martin.gutierrez@outlook.com,Tacna,Peru,2023-11-27
19,40678923,Daniela Fiorella,Ochoa Vidal,daniela.ochoa@gmail.com,Tacna,Peru,2023-12-12
20,45789234,Eduardo Rafael,Herrera Rojas,eduardo.herrera@hotmail.com,Puno,Peru,2024-01-05
21,46890345,Karla Milagros,Villanueva Rios,karla.villanueva@gmail.com,Puno,Peru,2024-01-23
22,43901456,Cesar Augusto,Bustamante Loza,cesar.bustamante@gmail.com,Chimbote,Peru,2024-02-10
23,47012567,Melissa Alexandra,Cabrera Flores,melissa.cabrera@yahoo.com,Chimbote,Peru,2024-02-28
24,42123678,Victor Hugo,Espinoza Ramirez,victor.espinoza@hotmail.com,Cajamarca,Peru,2024-03-15
25,48234789,Grecia Estefany,Alvarado Cueva,grecia.alvarado@gmail.com,Cajamarca,Peru,2024-04-02
26,41345890,Alexander David,Peralta Sanchez,alexander.peralta@outlook.com,Lima,Peru,2024-04-19
27,49456901,Lourdes Milagros,Chavez Roque,lourdes.chavez@gmail.com,Lima,Peru,2024-05-06
28,40567012,Omar Sebastian,Ibarra Cotrina,omar.ibarra@hotmail.com,Lima,Peru,2024-05-24
29,45678123,Fiorella Xiomara,Vega Malca,fiorella.vega@gmail.com,Lima,Peru,2024-06-10
30,46789234,Bryan Anthony,Coronado Reategui,bryan.coronado@gmail.com,Lima,Peru,2024-06-28
31,43890345,Yesenia Pilar,Mamani Quispe,yesenia.mamani@yahoo.com,Arequipa,Peru,2024-07-15
32,47901456,Renzo Gabriel,Salcedo Tuesta,renzo.salcedo@hotmail.com,Arequipa,Peru,2024-08-02
33,42012567,Milagros Del Pilar,Rojas Farfan,milagros.rojas@gmail.com,Cusco,Peru,2024-08-20
34,48123670,Jhonatan Steven,Huaman Ccama,jhonatan.huaman@outlook.com,Cusco,Peru,2024-09-07
35,41234781,Ursula Beatriz,Castaneda Ortiz,ursula.castaneda@gmail.com,Trujillo,Peru,2024-09-25
36,49345892,Wilder Anibal,Yupanqui Mendez,wilder.yupanqui@hotmail.com,Trujillo,Peru,2024-10-12
37,40456903,Katherine Xiomara,Solis Bardales,katherine.solis@gmail.com,Piura,Peru,2024-10-30
38,45567014,Franco Alonso,Rivera Tello,franco.rivera@gmail.com,Piura,Peru,2024-11-17
39,46678125,Estefany Nicole,Guevara Panduro,estefany.guevara@yahoo.com,Chiclayo,Peru,2024-12-04
40,43789236,Junior Alexis,Machaca Apaza,junior.machaca@hotmail.com,Chiclayo,Peru,2024-12-22
41,12.345.678-9,Javiera Ignacia,Gonzalez Munoz,javiera.gonzalez@gmail.com,Santiago,Chile,2023-03-11
42,13.456.789-0,Matias Sebastian,Rojas Pizarro,matias.rojas@hotmail.com,Santiago,Chile,2023-05-14
43,14.567.890-1,Camila Antonia,Fuentes Bravo,camila.fuentes@gmail.com,Santiago,Chile,2023-07-09
44,15.678.901-2,Cristobal Ignacio,Silva Contreras,cristobal.silva@outlook.com,Santiago,Chile,2023-09-02
45,16.789.012-3,Fernanda Paz,Espinoza Tapia,fernanda.espinoza@gmail.com,Valparaiso,Chile,2023-10-20
46,17.890.123-4,Benjamin Andres,Munoz Vergara,benjamin.munoz@hotmail.com,Valparaiso,Chile,2023-12-08
47,18.901.234-5,Antonia Belen,Sepulveda Castro,antonia.sepulveda@gmail.com,Concepcion,Chile,2024-01-26
48,19.012.345-6,Vicente Ignacio,Yanez Aravena,vicente.yanez@gmail.com,Concepcion,Chile,2024-03-14
49,20.123.456-7,Constanza Isidora,Carrasco Leiva,constanza.carrasco@hotmail.com,La Serena,Chile,2024-05-01
50,21.234.567-8,Diego Alonso,Vera Escobar,diego.vera@gmail.com,La Serena,Chile,2024-06-18
51,22.345.678-9,Trinidad Sofia,Bustos Riquelme,trinidad.bustos@outlook.com,Antofagasta,Chile,2024-08-05
52,23.456.789-0,Maximiliano Jose,Cerda Pena,maximiliano.cerda@gmail.com,Antofagasta,Chile,2024-09-22
53,24.567.890-1,Josefa Belen,Toro Alarcon,josefa.toro@hotmail.com,Santiago,Chile,2024-11-09
54,25.678.901-2,Ignacio Andres,Parra Cordero,ignacio.parra@gmail.com,Santiago,Chile,2024-12-27
55,26.789.012-3,Florencia Amanda,Diaz Vega,florencia.diaz@gmail.com,Santiago,Chile,2025-02-13
56,1013456782,Valentina Sofia,Ramirez Gomez,valentina.ramirez@gmail.com,Bogota,Colombia,2023-02-27
57,1024567893,Juan Sebastian,Martinez Cardenas,juan.martinez@hotmail.com,Bogota,Colombia,2023-05-16
58,1035678904,Isabella Maria,Rodriguez Zapata,isabella.rodriguez@gmail.com,Medellin,Colombia,2023-08-03
59,1046789015,Santiago Andres,Gil Ochoa,santiago.gil@outlook.com,Medellin,Colombia,2023-10-21
60,1057890126,Mariana Alejandra,Lopez Betancur,mariana.lopez@gmail.com,Cali,Colombia,2024-01-08
61,1068901237,Nicolas David,Perez Salazar,nicolas.perez@hotmail.com,Cali,Colombia,2024-03-27
62,1079012348,Luciana Valentina,Torres Mejia,luciana.torres@gmail.com,Barranquilla,Colombia,2024-06-14
63,1080123459,Samuel Esteban,Hernandez Pardo,samuel.hernandez@gmail.com,Barranquilla,Colombia,2024-09-01
64,1091234560,Camila Andrea,Gutierrez Nino,camila.gutierrez@hotmail.com,Cartagena,Colombia,2024-11-19
65,1102345671,Sebastian David,Rincon Vargas,sebastian.rincon@gmail.com,Cartagena,Colombia,2025-02-05
66,1113456782,Gabriela Alejandra,Moreno Duarte,gabriela.moreno@outlook.com,Bogota,Colombia,2025-04-24
67,1124567893,Alejandro Jose,Castano Uribe,alejandro.castano@gmail.com,Medellin,Colombia,2025-07-12
68,1135678904,Daniela Fernanda,Osorio Vanegas,daniela.osorio@hotmail.com,Cali,Colombia,2025-09-29
69,1146789015,Miguel Angel,Cifuentes Roa,miguel.cifuentes@gmail.com,Barranquilla,Colombia,2025-12-16
70,1157890126,Paula Andrea,Trujillo Marin,paula.trujillo@gmail.com,Cartagena,Colombia,2026-02-02
71,34567891,Martina Sol,Fernandez Gimenez,martina.fernandez@hotmail.com,Buenos Aires,Argentina,2023-03-24
72,35678912,Tomas Nicolas,Gonzalez Acosta,tomas.gonzalez@gmail.com,Buenos Aires,Argentina,2023-06-10
73,36789123,Valentina Ayelen,Rodriguez Suarez,valentina.rodriguez@hotmail.com,Cordoba,Argentina,2023-08-28
74,37891234,Lautaro Ezequiel,Diaz Molina,lautaro.diaz@gmail.com,Cordoba,Argentina,2023-11-15
75,38912345,Julieta Milagros,Perez Ortiz,julieta.perez@hotmail.com,Rosario,Argentina,2024-02-02
76,39123456,Franco Nicolas,Sosa Herrera,franco.sosa@gmail.com,Rosario,Argentina,2024-04-21
77,30234567,Camila Abril,Romero Ledesma,camila.romero@hotmail.com,Mendoza,Argentina,2024-07-09
78,31345678,Ignacio Agustin,Alvarez Pereyra,ignacio.alvarez@gmail.com,Mendoza,Argentina,2024-09-26
79,32456789,Sofia Guadalupe,Torres Benitez,sofia.torres@hotmail.com,La Plata,Argentina,2024-12-13
80,33567890,Mateo Joaquin,Ferreyra Aguirre,mateo.ferreyra@gmail.com,La Plata,Argentina,2025-03-02
81,34678901,Emilia Victoria,Castro Villalba,emilia.castro@hotmail.com,Buenos Aires,Argentina,2025-05-20
82,35789012,Bautista Thiago,Nunez Correa,bautista.nunez@gmail.com,Buenos Aires,Argentina,2025-08-07
83,36890123,Delfina Antonella,Medina Farias,delfina.medina@hotmail.com,Cordoba,Argentina,2025-10-25
84,37901234,Agustin Ezequiel,Lopez Cabrera,agustin.lopez@gmail.com,Rosario,Argentina,2026-01-11
85,38012345,Zoe Renata,Juarez Godoy,zoe.juarez@hotmail.com,Mendoza,Argentina,2026-03-30
86,1712345678,Ana Belen,Chalen Vera,ana.chalen@gmail.com,Quito,Ecuador,2023-04-17
87,1723456789,Carlos Xavier,Salazar Andrade,carlos.salazar@hotmail.com,Quito,Ecuador,2023-07-05
88,0923456781,Maria Jose,Torres Zambrano,maria.torres@gmail.com,Guayaquil,Ecuador,2023-09-22
89,0934567892,Luis Fernando,Cevallos Ponce,luis.cevallos@hotmail.com,Guayaquil,Ecuador,2023-12-09
90,0145678903,Gabriela Nicole,Moreira Bravo,gabriela.moreira@gmail.com,Cuenca,Ecuador,2024-02-26
91,0156789014,Kevin Andres,Loor Sanchez,kevin.loor@hotmail.com,Cuenca,Ecuador,2024-05-15
92,1367890125,Andrea Estefania,Vera Macias,andrea.vera@gmail.com,Manta,Ecuador,2024-08-02
93,1378901236,Jefferson David,Quinde Alvarado,jefferson.quinde@hotmail.com,Manta,Ecuador,2024-10-20
94,1789012347,Katherine Michelle,Yepez Villacis,katherine.yepez@gmail.com,Quito,Ecuador,2025-01-07
95,1790123458,Diego Armando,Chiluisa Guaman,diego.chiluisa@hotmail.com,Quito,Ecuador,2025-03-27
96,0901234569,Valeria Nicole,Barzola Intriago,valeria.barzola@gmail.com,Guayaquil,Ecuador,2025-06-14
97,0912345670,Cristian Paul,Mendoza Zambrano,cristian.mendoza@hotmail.com,Guayaquil,Ecuador,2025-09-01
98,0123456781,Michelle Alexandra,Pincay Vera,michelle.pincay@gmail.com,Cuenca,Ecuador,2025-11-19
99,0134567892,Steven Alejandro,Rivadeneira Naranjo,steven.rivadeneira@hotmail.com,Cuenca,Ecuador,2026-02-06
100,1345678903,Melany Xiomara,Cedeno Loor,melany.cedeno@gmail.com,Manta,Ecuador,2026-04-25
101,MX10012345,Fernanda Sofia,Hernandez Lopez,fernanda.hernandez@gmail.com,Ciudad de Mexico,Mexico,2023-05-19
102,MX10023456,Diego Alejandro,Ramirez Torres,diego.ramirez@hotmail.com,Ciudad de Mexico,Mexico,2023-09-06
103,MX10034567,Ximena Alejandra,Gonzalez Flores,ximena.gonzalez@gmail.com,Guadalajara,Mexico,2023-12-24
104,MX10045678,Emiliano Jose,Martinez Rios,emiliano.martinez@outlook.com,Guadalajara,Mexico,2024-04-12
105,MX10056789,Regina Valentina,Perez Cruz,regina.perez@gmail.com,Monterrey,Mexico,2024-07-30
106,MX10067890,Santiago Emiliano,Sanchez Morales,santiago.sanchez@hotmail.com,Monterrey,Mexico,2024-11-17
107,MX10078901,Valentina Ximena,Reyes Aguilar,valentina.reyes@gmail.com,Ciudad de Mexico,Mexico,2025-03-06
108,MX10089012,Leonardo David,Castillo Mendoza,leonardo.castillo@hotmail.com,Guadalajara,Mexico,2025-06-23
109,MX10090123,Camila Renata,Vazquez Ortega,camila.vazquez@gmail.com,Monterrey,Mexico,2025-10-10
110,MX10101234,Mateo Sebastian,Dominguez Silva,mateo.dominguez@hotmail.com,Ciudad de Mexico,Mexico,2026-01-28
111,4.567.890-1,Lucia Belen,Fernandez Techera,lucia.fernandez@gmail.com,Montevideo,Uruguay,2023-06-21
112,4.678.901-2,Bruno Nicolas,Rodriguez Pintos,bruno.rodriguez@hotmail.com,Montevideo,Uruguay,2023-10-09
113,4.789.012-3,Martina Sofia,Perez Estevez,martina.perez@gmail.com,Montevideo,Uruguay,2024-01-27
114,4.890.123-4,Facundo Ignacio,Gonzalez Bado,facundo.gonzalez@hotmail.com,Punta del Este,Uruguay,2024-05-15
115,4.901.234-5,Valentina Emilia,Suarez Machado,valentina.suarez@gmail.com,Punta del Este,Uruguay,2024-09-02
116,5.012.345-6,Rodrigo Ezequiel,Silva Cardozo,rodrigo.silva@hotmail.com,Salto,Uruguay,2024-12-20
117,5.123.456-7,Camila Antonella,Acosta Ferreira,camila.acosta@gmail.com,Salto,Uruguay,2025-04-08
118,5.234.567-8,Agustin Manuel,Lopez Correa,agustin.lopez.uy@hotmail.com,Montevideo,Uruguay,2025-07-26
119,5.345.678-9,Sofia Guadalupe,Martinez Bentancor,sofia.martinez@gmail.com,Montevideo,Uruguay,2025-11-13
120,5.456.789-0,Nicolas Emiliano,Ramos Olivera,nicolas.ramos@hotmail.com,Punta del Este,Uruguay,2026-03-02
